{
    "model_name": "gamescore_model_v10",
    "train_loss": 0.0036178207956254482,
    "val_loss": 0.0027500158175826073,
    "MSE": 0.0027749615255743265,
    "MAE": 0.04216381162405014,
    "epoch": 200,
    "learning_rate": 0.001
}