{
    "model_name": "gamescore_model_v6",
    "train_loss": 0.0008198154985343944,
    "val_loss": 0.0027566618157989216,
    "MSE": 0.003336801064485089,
    "MAE": 0.04423810478239071,
    "epoch": 200,
    "learning_rate": 0.0005
}