{
    "model_name": "gamescore_model_v2",
    "train_loss": 0.0015444877796770091,
    "val_loss": 0.04895972257795653,
    "MSE": 0.04895972257795653,
    "MAE": 0.14253807387943768,
    "epoch": 50,
    "learning_rate": 0.001
}