{
    "model_name": "gamescore_model_v8",
    "train_loss": 0.0031983542653798293,
    "val_loss": 0.003623541343049743,
    "MSE": 0.003989032739426046,
    "MAE": 0.051370905308456685,
    "epoch": 2000,
    "learning_rate": 0.001
}