{
    "model_name": "gamescore_model_v2",
    "train_loss": 0.0029677365590132653,
    "val_loss": 0.010092566964440337,
    "MSE": 0.010092566964440337,
    "MAE": 0.07358374070058497,
    "epoch": 50,
    "learning_rate": 0.001
}