{
    "model_name": "gamescore_model_v7",
    "train_loss": 0.002509813510151004,
    "val_loss": 0.0020955883428923315,
    "MSE": 0.002492833071190751,
    "MAE": 0.03734340526962475,
    "epoch": 200,
    "learning_rate": 0.001
}