{
    "model_name": "gamescore_model_v8",
    "train_loss": 0.0025091607568083524,
    "val_loss": 0.002995702680113502,
    "MSE": 0.0033152971909509534,
    "MAE": 0.04475648695980752,
    "epoch": 200,
    "learning_rate": 0.0005
}