{
    "model_name": "gamescore_model_v11",
    "train_loss": 0.003158311825245619,
    "val_loss": 0.0025771779473870993,
    "MSE": 0.0026987879537045956,
    "MAE": 0.042148347944021225,
    "epoch": 400,
    "learning_rate": 0.001
}