{
    "model_name": "gamescore_model_v4",
    "train_loss": 0.0027543345122385972,
    "val_loss": 0.009561154373394427,
    "MSE": 0.009561154373394427,
    "MAE": 0.06980198408051054,
    "epoch": 100,
    "learning_rate": 0.001
}