{
    "model_name": "gamescore_model_v5",
    "train_loss": 0.0021624116318918695,
    "val_loss": 0.007372788954736763,
    "MSE": 0.008472749116550079,
    "MAE": 0.06611439262546469,
    "epoch": 200,
    "learning_rate": 0.0005
}