{
    "model_name": "gamescore_model_v9",
    "train_loss": 0.0034592733873313026,
    "val_loss": 0.0027197448650712955,
    "MSE": 0.0031565612335276755,
    "MAE": 0.042064941366387824,
    "epoch": 200,
    "learning_rate": 0.001
}